"Station Name","WINNIPEG A CS"
"Province","MANITOBA"
"Latitude","49.92"
"Longitude","-97.25"
"Elevation","238.70"
"Climate Identifier","502S001"
"WMO Identifier","71849"
"TC Identifier","XWG"

"Legend"
"A","Accumulated"
"C","Precipitation occurred, amount uncertain"
"E","Estimated"
"F","Accumulated and estimated"
"L","Precipitation may or may not have occurred"
"M","Missing"
"N","Temperature missing but known to be > 0"
"S","More than one occurrence"
"T","Trace"
"Y","Temperature missing but known to be < 0"
"[empty]","No data available"
"^","The value displayed is based on incomplete data"
"","Data for this day has undergone only preliminary quality checking"
"","Partner data that is not subject to review by the National Climate Archives"

"Date/Time","Year","Month","Day","Data Quality","Max Temp (°C)","Max Temp Flag","Min Temp (°C)","Min Temp Flag","Mean Temp (°C)","Mean Temp Flag","Heat Deg Days (°C)","Heat Deg Days Flag","Cool Deg Days (°C)","Cool Deg Days Flag","Total Rain (mm)","Total Rain Flag","Total Snow (cm)","Total Snow Flag","Total Precip (mm)","Total Precip Flag","Snow on Grnd (cm)","Snow on Grnd Flag","Dir of Max Gust (10s deg)","Dir of Max Gust Flag","Spd of Max Gust (km/h)","Spd of Max Gust Flag"
"2012-01-01","2012","01","01","","-1.9","","-10.3","","-6.1","","24.1","","0.0","","","M","","M","0.2","","1","","33","","69",""
"2012-01-02","2012","01","02","","-9.8","","-17.3","","-13.6","","31.6","","0.0","","","M","","M","0.2","","","","17","","46",""
"2012-01-03","2012","01","03","","0.4","","-12.0","","-5.8","","23.8","","0.0","","","M","","M","0.0","","","","17","","67",""
"2012-01-04","2012","01","04","","1.4","","-6.2","","-2.4","","20.4","","0.0","","","M","","M","0.0","","","","","","<31",""
"2012-01-05","2012","01","05","","6.7","","-5.4","","0.7","","17.3","","0.0","","","M","","M","0.0","","","","27","","54",""
"2012-01-06","2012","01","06","","4.2","","-7.5","","-1.7","","19.7","","0.0","","0.0","","","M","1.9","","","","30","","59",""
"2012-01-07","2012","01","07","","-1.7","","-9.1","","-5.4","","23.4","","0.0","","","M","","M","0.2","","1","","","","<31",""
"2012-01-08","2012","01","08","","2.1","","-7.9","","-2.9","","20.9","","0.0","","","M","","M","0.0","","1","","22","","46",""
"2012-01-09","2012","01","09","","4.2","","-3.6","","0.3","","17.7","","0.0","","","M","","M","0.0","","1","","","","<31",""
"2012-01-10","2012","01","10","","5.0","","-4.2","","0.4","","17.6","","0.0","","","M","","M","0.0","","","","31","","50",""
"2012-01-11","2012","01","11","","-4.2","","-15.8","","-10.0","","28.0","","0.0","","","M","","M","0.4","","","","33","","59",""
"2012-01-12","2012","01","12","","-14.6","","-24.1","","-19.4","","37.4","","0.0","","","M","","M","0.2","","","","35","","46",""
"2012-01-13","2012","01","13","","-12.0","","-26.0","","-19.0","","37.0","","0.0","","","M","","M","0.2","","","","15","","35",""
"2012-01-14","2012","01","14","","-9.0","","-12.0","","-10.5","","28.5","","0.0","","","M","","M","0.2","","","","16","","35",""
"2012-01-15","2012","01","15","","-0.9","","-12.9","","-6.9","","24.9","","0.0","","","M","","M","0.5","","","","30","","57",""
"2012-01-16","2012","01","16","","-12.7","","-23.8","","-18.3","","36.3","","0.0","","","M","","M","0.4","","","","30","","50",""
"2012-01-17","2012","01","17","","-23.5","","-27.2","","-25.4","","43.4","","0.0","","","M","","M","0.2","","","","34","","32",""
"2012-01-18","2012","01","18","","-24.3","","-29.1","","-26.7","","44.7","","0.0","","","M","","M","1.0","","","","","","<31",""
"2012-01-19","2012","01","19","","-21.7","","-28.1","","-24.9","","42.9","","0.0","","","M","","M","0.0","","2","","27","","32",""
"2012-01-20","2012","01","20","","-18.8","","-28.2","","-23.5","","41.5","","0.0","","","M","","M","0.0","","2","","","","<31",""
"2012-01-21","2012","01","21","","-10.8","","-25.4","","-18.1","","36.1","","0.0","","","M","","M","0.4","","3","","13","","43",""
"2012-01-22","2012","01","22","","-5.0","","-10.9","","-8.0","","26.0","","0.0","","","M","","M","0.0","","3","","","","<31",""
"2012-01-23","2012","01","23","","-8.4","","-21.7","","-15.1","","33.1","","0.0","","","M","","M","0.0","","2","","33","","35",""
"2012-01-24","2012","01","24","","-6.7","","-21.8","","-14.3","","32.3","","0.0","","","M","","M","0.0","","2","","17","","46",""
"2012-01-25","2012","01","25","","-0.4","","-10.7","","-5.6","","23.6","","0.0","","","M","","M","0.0","","1","","17","","70",""
"2012-01-26","2012","01","26","","0.9","","-10.0","","-4.6","","22.6","","0.0","","","M","","M","0.0","","","","28","","43",""
"2012-01-27","2012","01","27","","-2.1","","-9.9","","-6.0","","24.0","","0.0","","","M","","M","0.0","","","","28","","46",""
"2012-01-28","2012","01","28","","-5.6","","-20.4","","-13.0","","31.0","","0.0","","","M","","M","0.0","","","","34","","43",""
"2012-01-29","2012","01","29","","-10.5","","-21.8","","-16.2","","34.2","","0.0","","","M","","M","0.0","","","","16","","43",""
"2012-01-30","2012","01","30","","-4.1","","-10.7","","-7.4","","25.4","","0.0","","0.0","","","M","2.9","","","","14","","39",""
"2012-01-31","2012","01","31","","-2.8","","-9.7","","-6.3","","24.3","","0.0","","","M","","M","0.2","","3","","","","<31",""
"2012-02-01","2012","02","01","","-2.0","","-11.1","","-6.6","","24.6","","0.0","","","M","","M","0.0","","3","","","","<31",""
"2012-02-02","2012","02","02","","-4.4","","-14.9","","-9.7","","27.7","","0.0","","","M","","M","0.0","","3","","","","<31",""
"2012-02-03","2012","02","03","","-4.4","","-13.9","","-9.2","","27.2","","0.0","","","M","","M","0.2","","3","","","","<31",""
"2012-02-04","2012","02","04","","-2.4","","-11.4","","-6.9","","24.9","","0.0","","","M","","M","0.0","","2","","26","","33",""
"2012-02-05","2012","02","05","","6.5","","-10.9","","-2.2","","20.2","","0.0","","","M","","M","0.0","","2","","24","","33",""
"2012-02-06","2012","02","06","","-1.4","","-21.7","","-11.6","","29.6","","0.0","","","M","","M","0.2","","3","","2","","50",""
"2012-02-07","2012","02","07","","-7.1","","-23.7","","-15.4","","33.4","","0.0","","","M","","M","0.0","","3","","","","<31",""
"2012-02-08","2012","02","08","","-2.4","","-13.6","","-8.0","","26.0","","0.0","","","M","","M","0.0","","3","","","","<31",""
"2012-02-09","2012","02","09","","-6.9","","-24.1","","-15.5","","33.5","","0.0","","","M","","M","0.0","","3","","1","","44",""
"2012-02-10","2012","02","10","","-20.0","","-29.0","","-24.5","","42.5","","0.0","","","M","","M","0.2","","3","","30","","32",""
"2012-02-11","2012","02","11","","-12.7","","-25.9","","-19.3","","37.3","","0.0","","","M","","M","0.0","","3","","29","","32",""
"2012-02-12","2012","02","12","","-3.3","","-20.6","","-12.0","","30.0","","0.0","","","M","","M","0.0","","3","","17","","33",""
"2012-02-13","2012","02","13","","-1.9","","-14.5","","-8.2","","26.2","","0.0","","","M","","M","0.0","","3","","","","<31",""
"2012-02-14","2012","02","14","","-1.1","","-16.0","","-8.6","","26.6","","0.0","","","M","","M","0.0","","3","","","","<31",""
"2012-02-15","2012","02","15","","-1.4","","-9.3","","-5.4","","23.4","","0.0","","0.0","","","M","0.5","","3","","","","<31",""
"2012-02-16","2012","02","16","","-2.9","","-11.7","","-7.3","","25.3","","0.0","","","M","","M","0.2","","6","","","","<31",""
"2012-02-17","2012","02","17","","-4.9","","-16.2","","-10.6","","28.6","","0.0","","","M","","M","0.2","","5","","","","<31",""
"2012-02-18","2012","02","18","","-0.9","","-15.7","","-8.3","","26.3","","0.0","","","M","","M","0.0","","5","","17","","35",""
"2012-02-19","2012","02","19","","1.3","","-8.5","","-3.6","","21.6","","0.0","","","M","","M","0.0","","5","","16","","35",""
"2012-02-20","2012","02","20","","1.8","","-5.0","","-1.6","","19.6","","0.0","","","M","","M","0.0","","5","","","","<31",""
"2012-02-21","2012","02","21","","-0.2","","-6.8","","-3.5","","21.5","","0.0","","","M","","M","0.8","","4","","32","","43",""
"2012-02-22","2012","02","22","","-3.0","","-7.8","","-5.4","","23.4","","0.0","","","M","","M","0.0","","4","","","","<31",""
"2012-02-23","2012","02","23","","-2.7","","-15.6","","-9.2","","27.2","","0.0","","","M","","M","0.9","","4","","30","","41",""
"2012-02-24","2012","02","24","","-9.3","","-19.0","","-14.2","","32.2","","0.0","","","M","","M","0.4","","4","","32","","44",""
"2012-02-25","2012","02","25","","-9.3","","-24.2","","-16.8","","34.8","","0.0","","","M","","M","0.2","","3","","","","<31",""
"2012-02-26","2012","02","26","","-9.5","","-14.5","","-12.0","","30.0","","0.0","","","M","","M","0.4","","4","","1","","56",""
"2012-02-27","2012","02","27","","-12.1","","-23.3","","-17.7","","35.7","","0.0","","","M","","M","0.0","","3","","","","<31",""
"2012-02-28","2012","02","28","","-4.9","","-17.7","","-11.3","","29.3","","0.0","","","M","","M","0.0","","3","","","","<31",""
"2012-02-29","2012","02","29","","-1.9","","-15.4","","-8.7","","26.7","","0.0","","","M","","M","0.0","","3","","","","<31",""
"2012-03-01","2012","03","01","","-0.1","","-6.2","","-3.2","","21.2","","0.0","","","M","","M","0.6","","4","","","","<31",""
"2012-03-02","2012","03","02","","-1.3","","-10.3","","-5.8","","23.8","","0.0","","","M","","M","2.2","","7","","1","","57",""
"2012-03-03","2012","03","03","","-10.3","","-19.7","","-15.0","","33.0","","0.0","","","M","","M","0.2","","3","","","","<31",""
"2012-03-04","2012","03","04","","-8.8","","-18.4","","-13.6","","31.6","","0.0","","0.0","","","M","0.9","","3","","","","<31",""
"2012-03-05","2012","03","05","","-0.5","","-16.9","","-8.7","","26.7","","0.0","","","M","","M","0.0","","5","","17","","39",""
"2012-03-06","2012","03","06","","0.6","","-2.6","","-1.0","","19.0","","0.0","","","M","","M","0.0","","8","","7","","32",""
"2012-03-07","2012","03","07","","-2.5","","-13.4","","-8.0","","26.0","","0.0","","","M","","M","0.2","","8","","33","","48",""
"2012-03-08","2012","03","08","","-4.8","","-19.6","","-12.2","","30.2","","0.0","","","M","","M","0.0","","7","","34","","76",""
"2012-03-09","2012","03","09","","-4.1","","-20.2","","-12.2","","30.2","","0.0","","","M","","M","0.0","","11","","18","","65",""
"2012-03-10","2012","03","10","","6.6","","-7.9","","-0.7","","18.7","","0.0","","","M","","M","0.0","","8","","17","","63",""
"2012-03-11","2012","03","11","","12.4","","-5.0","","3.7","","14.3","","0.0","","","M","","M","0.0","","6","","14","","43",""
"2012-03-12","2012","03","12","","9.5","","2.5","","6.0","","12.0","","0.0","","","M","","M","1.0","","","","16","","48",""
"2012-03-13","2012","03","13","","11.5","","-2.4","","4.6","","13.4","","0.0","","","M","","M","0.0","","","","17","","44",""
"2012-03-14","2012","03","14","","10.1","","1.4","","5.8","","12.2","","0.0","","","M","","M","0.0","","","","29","","56",""
"2012-03-15","2012","03","15","","14.1","","-2.8","","5.7","","12.3","","0.0","","","M","","M","0.0","","","","17","","50",""
"2012-03-16","2012","03","16","","19.9","","2.7","","11.3","","6.7","","0.0","","","M","","M","0.0","","","","17","","52",""
"2012-03-17","2012","03","17","","19.0","","3.0","","11.0","","7.0","","0.0","","","M","","M","0.0","","","","4","","33",""
"2012-03-18","2012","03","18","","20.8","","4.3","","12.6","","5.4","","0.0","","","M","","M","0.0","","","","15","","57",""
"2012-03-19","2012","03","19","","23.6","","13.0","","18.3","","0.0","","0.3","","","M","","M","13.1","","","","17","","69",""
"2012-03-20","2012","03","20","","13.3","","2.6","","8.0","","10.0","","0.0","","","M","","M","0.2","","","","23","","48",""
"2012-03-21","2012","03","21","","16.1","","3.8","","10.0","","8.0","","0.0","","","M","","M","0.0","","","","26","","56",""
"2012-03-22","2012","03","22","","21.6","","3.9","","12.8","","5.2","","0.0","","","M","","M","0.0","","","","","","<31",""
"2012-03-23","2012","03","23","","15.9","","8.6","","12.3","","5.7","","0.0","","","M","","M","0.0","","","","","","<31",""
"2012-03-24","2012","03","24","","8.6","","-5.3","","1.7","","16.3","","0.0","","","M","","M","6.5","","","","32","","52",""
"2012-03-25","2012","03","25","","0.1","","-6.4","","-3.2","","21.2","","0.0","","","M","","M","0.0","","","","1","","32",""
"2012-03-26","2012","03","26","","9.0","","-3.7","","2.7","","15.3","","0.0","","","M","","M","0.0","","","","15","","63",""
"2012-03-27","2012","03","27","","5.8","","0.3","","3.1","","14.9","","0.0","","","M","","M","8.5","","","","32","","41",""
"2012-03-28","2012","03","28","","6.0","","-2.7","","1.7","","16.3","","0.0","","","M","","M","0.0","","","","1","","32",""
"2012-03-29","2012","03","29","","4.4","","-1.2","","1.6","","16.4","","0.0","","","M","","M","10.6","","","","14","","43",""
"2012-03-30","2012","03","30","","7.9","","1.2","","4.6","","13.4","","0.0","","","M","","M","0.2","","","","14","","56",""
"2012-03-31","2012","03","31","","18.7","","2.2","","10.5","","7.5","","0.0","","","M","","M","0.0","","","","16","","65",""
"2012-04-01","2012","04","01","","18.3","","1.4","","9.9","","8.1","","0.0","","","M","","M","0.0","","","","9","","46",""
"2012-04-02","2012","04","02","","11.7","","-1.7","","5.0","","13.0","","0.0","","","M","","M","0.0","","","","34","","37",""
"2012-04-03","2012","04","03","","14.2","","-3.8","","5.2","","12.8","","0.0","","","M","","M","0.0","","","","33","","33",""
"2012-04-04","2012","04","04","","16.2","","-3.7","","6.3","","11.7","","0.0","","","M","","M","0.0","","","","","","<31",""
"2012-04-05","2012","04","05","","18.2","","2.6","","10.4","","7.6","","0.0","","","M","","M","0.0","","","","17","","44",""
"2012-04-06","2012","04","06","","20.3","","4.9","","12.6","","5.4","","0.0","","","M","","M","0.0","","","","18","","56",""
"2012-04-07","2012","04","07","","12.6","","0.3","","6.5","","11.5","","0.0","","","M","","M","0.0","","","","28","","63",""
"2012-04-08","2012","04","08","","9.1","","-2.5","","3.3","","14.7","","0.0","","","M","","M","0.0","","","","29","","59",""
"2012-04-09","2012","04","09","","-0.9","","-6.2","","-3.6","","21.6","","0.0","","","M","","M","0.0","","","","33","","57",""
"2012-04-10","2012","04","10","","2.7","","-11.4","","-4.4","","22.4","","0.0","","","M","","M","0.0","","","","2","","32",""
"2012-04-11","2012","04","11","","8.5","","-11.7","","-1.6","","19.6","","0.0","","","M","","M","0.0","","","","","","<31",""
"2012-04-12","2012","04","12","","17.6","","-4.0","","6.8","","11.2","","0.0","","","M","","M","0.0","","","","13","","43",""
"2012-04-13","2012","04","13","","10.3","","5.3","","7.8","","10.2","","0.0","","","M","","M","10.5","","","","17","","50",""
"2012-04-14","2012","04","14","","17.7","","5.8","","11.8","","6.2","","0.0","","","M","","M","1.0","","","","28","","32",""
"2012-04-15","2012","04","15","","","","","","","","","","","","","","","","","","","","","","",""
"2012-04-16","2012","04","16","","3.5","","-6.8","","-1.7","","19.7","","0.0","","","M","","M","0.2","","","","36","","43",""
"2012-04-17","2012","04","17","","9.6","","-4.4","","2.6","","15.4","","0.0","","","M","","M","16.1","","","","7","","32",""
"2012-04-18","2012","04","18","","9.1","","-1.6","","3.8","","14.2","","0.0","","","M","","M","0.6","","","","","","<31",""
"2012-04-19","2012","04","19","","8.7","","-5.6","","1.6","","16.4","","0.0","","","M","","M","0.0","","","","6","","32",""
"2012-04-20","2012","04","20","","10.8","","-4.6","","3.1","","14.9","","0.0","","","M","","M","0.0","","1","","12","","41",""
"2012-04-21","2012","04","21","","13.8","","2.9","","8.4","","9.6","","0.0","","","M","","M","0.0","","","","2","","32",""
"2012-04-22","2012","04","22","","16.0","","-3.1","","6.5","","11.5","","0.0","","","M","","M","0.0","","","","33","","44",""
"2012-04-23","2012","04","23","","21.5","","2.3","","11.9","","6.1","","0.0","","","M","","M","0.0","","","","14","","48",""
"2012-04-24","2012","04","24","","20.4","","2.5","","11.5","","6.5","","0.0","","","M","","M","0.0","","","","9","","52",""
"2012-04-25","2012","04","25","","11.5","","-1.9","","4.8","","13.2","","0.0","","","M","","M","0.0","","","","1","","52",""
"2012-04-26","2012","04","26","","10.2","","-7.1","","1.6","","16.4","","0.0","","","M","","M","0.0","","","","2","","39",""
"2012-04-27","2012","04","27","","13.0","","0.6","","6.8","","11.2","","0.0","","","M","","M","0.0","","","","12","","43",""
"2012-04-28","2012","04","28","","19.1","","1.9","","10.5","","7.5","","0.0","","","M","","M","0.0","","","","13","","50",""
"2012-04-29","2012","04","29","","14.2","","7.8","","11.0","","7.0","","0.0","","","M","","M","4.0","","","","19","","74",""
"2012-04-30","2012","04","30","","18.7","","4.7","","11.7","","6.3","","0.0","","","M","","M","0.2","","","","28","","44",""
"2012-05-01","2012","05","01","","17.3","","7.4","","12.4","","5.6","","0.0","","","M","","M","4.5","","","","3","","35",""
"2012-05-02","2012","05","02","","15.8","","5.1","","10.5","","7.5","","0.0","","","M","","M","1.6","","","","29","","41",""
"2012-05-03","2012","05","03","","12.2","","2.0","","7.1","","10.9","","0.0","","","M","","M","0.5","","","","1","","37",""
"2012-05-04","2012","05","04","","13.6","","0.8","","7.2","","10.8","","0.0","","","M","","M","0.0","","","","10","","37",""
"2012-05-05","2012","05","05","","19.4","","9.0","","14.2","","3.8","","0.0","","","M","","M","0.0","","","","12","","35",""
"2012-05-06","2012","05","06","","18.1","","7.2","","12.7","","5.3","","0.0","","","M","","M","1.6","","","","11","","39",""
"2012-05-07","2012","05","07","","13.9","","6.8","","10.4","","7.6","","0.0","","","M","","M","1.9","","","","31","","46",""
"2012-05-08","2012","05","08","","","M","6.9","E","","M","","M","","M","","M","","M","0.3","","","","","","<31",""
"2012-05-09","2012","05","09","","","","","","","","","","","","","","","","","","","","","","",""
"2012-05-10","2012","05","10","","","","","","","","","","","","","","","","","","","","","","",""
"2012-05-11","2012","05","11","","16.8","","7.6","","12.2","","5.8","","0.0","","","M","","M","0.2","","","","29","","61",""
"2012-05-12","2012","05","12","","22.4","","7.5","","15.0","","3.0","","0.0","","","M","","M","0.0","","","","28","","48",""
"2012-05-13","2012","05","13","","27.2","","11.0","","19.1","","0.0","","1.1","","","M","","M","0.0","","","","27","","56",""
"2012-05-14","2012","05","14","","28.8","","5.9","E","17.4","E","0.6","E","0.0","E","","M","","M","","M","","","","","<31",""
"2012-05-15","2012","05","15","","16.3","","2.6","","9.5","","8.5","","0.0","","","M","","M","0.0","","","","34","","50",""
"2012-05-16","2012","05","16","","19.8","","-1.1","","9.4","","8.6","","0.0","","","M","","M","0.0","","","","12","","44",""
"2012-05-17","2012","05","17","","","M","11.5","E","","M","","M","","M","","M","","M","","M","","","","M","","M"
"2012-05-18","2012","05","18","","","M","","M","","M","","M","","M","","M","","M","18.5","","","","","","<31",""
"2012-05-19","2012","05","19","","12.0","","5.5","","8.8","","9.2","","0.0","","","M","","M","15.0","","3","","34","","43",""
"2012-05-20","2012","05","20","","19.2","","3.2","","11.2","","6.8","","0.0","","","M","","M","0.0","","","","33","","44",""
"2012-05-21","2012","05","21","","21.0","","5.9","","13.5","","4.5","","0.0","","","M","","M","1.8","","","","19","","43",""
"2012-05-22","2012","05","22","","17.0","","10.3","","13.7","","4.3","","0.0","","","M","","M","2.3","","","","","","<31",""
"2012-05-23","2012","05","23","","23.7","","9.9","","16.8","","1.2","","0.0","","","M","","M","0.2","","","","21","","46",""
"2012-05-24","2012","05","24","","16.6","","4.9","","10.8","","7.2","","0.0","","","M","","M","0.0","","","","32","","37",""
"2012-05-25","2012","05","25","","9.0","","2.9","","6.0","","12.0","","0.0","","","M","","M","0.0","","","","2","","39",""
"2012-05-26","2012","05","26","","14.3","","2.6","","8.5","","9.5","","0.0","","","M","","M","0.0","","","","9","","32",""
"2012-05-27","2012","05","27","","11.5","","8.6","","10.1","","7.9","","0.0","","","M","","M","19.2","","","","6","","65",""
"2012-05-28","2012","05","28","","15.0","","7.2","","11.1","","6.9","","0.0","","","M","","M","15.1","","","","","","<31",""
"2012-05-29","2012","05","29","","11.6","","1.3","","6.5","","11.5","","0.0","","","M","","M","1.6","","","","2","","54",""
"2012-05-30","2012","05","30","","16.9","","-0.4","","8.3","","9.7","","0.0","","","M","","M","0.0","","","","","","<31",""
"2012-05-31","2012","05","31","","22.9","","3.8","","13.4","","4.6","","0.0","","","M","","M","0.0","","","","","","<31",""
"2012-06-01","2012","06","01","","21.8","","7.9","","14.9","","3.1","","0.0","","","M","","M","0.6","","","","19","","44",""
"2012-06-02","2012","06","02","","25.7","","6.6","","16.2","","1.8","","0.0","","","M","","M","0.0","","","","","","<31",""
"2012-06-03","2012","06","03","","24.8","","12.5","","18.7","","0.0","","0.7","","","M","","M","0.0","","","","17","","39",""
"2012-06-04","2012","06","04","","27.9","","10.0","","19.0","","0.0","","1.0","","","M","","M","0.0","","","","30","","43",""
"2012-06-05","2012","06","05","","26.1","","10.8","","18.5","","0.0","","0.5","","","M","","M","0.0","","","","","","<31",""
"2012-06-06","2012","06","06","","29.9","","12.2","","21.1","","0.0","","3.1","","","M","","M","0.0","","","","7","","35",""
"2012-06-07","2012","06","07","","30.2","","17.8","","24.0","","0.0","","6.0","","","M","","M","1.6","","","","21","","33",""
"2012-06-08","2012","06","08","","21.1","","12.9","","17.0","","1.0","","0.0","","","M","","M","6.0","","","","24","","37",""
"2012-06-09","2012","06","09","","23.9","","10.4","","17.2","","0.8","","0.0","","","M","","M","6.4","","","","8","","63",""
"2012-06-10","2012","06","10","","21.2","","11.7","","16.5","","1.5","","0.0","","","M","","M","8.8","","","","29","","41",""
"2012-06-11","2012","06","11","","14.0","","2.3","","8.2","","9.8","","0.0","","","M","","M","9.3","","","","33","","54",""
"2012-06-12","2012","06","12","","19.8","","2.1","","11.0","","7.0","","0.0","","","M","","M","1.9","","","","21","","41",""
"2012-06-13","2012","06","13","","26.3","","13.7","","20.0","","0.0","","2.0","","","M","","M","1.6","","","","17","","46",""
"2012-06-14","2012","06","14","","25.6","","14.4","","20.0","","0.0","","2.0","","","M","","M","0.0","","","","20","","56",""
"2012-06-15","2012","06","15","","25.3","","13.7","","19.5","","0.0","","1.5","","","M","","M","0.0","","","","27","","33",""
"2012-06-16","2012","06","16","","21.8","","12.3","","17.1","","0.9","","0.0","","","M","","M","14.7","","","","24","","39",""
"2012-06-17","2012","06","17","","20.8","","10.2","","15.5","","2.5","","0.0","","","M","","M","3.0","","","","","","<31",""
"2012-06-18","2012","06","18","","17.3","","9.8","","13.6","","4.4","","0.0","","","M","","M","1.0","","","","32","","41",""
"2012-06-19","2012","06","19","","17.3","","9.3","","13.3","","4.7","","0.0","","","M","","M","2.2","","","","","","<31",""
"2012-06-20","2012","06","20","","19.4","","10.8","","15.1","","2.9","","0.0","","","M","","M","1.0","","","","","","<31",""
"2012-06-21","2012","06","21","","22.7","","9.8","","16.3","","1.7","","0.0","","","M","","M","0.2","","","","2","","46",""
"2012-06-22","2012","06","22","","24.2","","8.5","","16.4","","1.6","","0.0","","","M","","M","0.0","","","","","","<31",""
"2012-06-23","2012","06","23","","25.6","","9.5","","17.6","","0.4","","0.0","","","M","","M","0.0","","","","36","","44",""
"2012-06-24","2012","06","24","","22.0","","5.1","","13.6","","4.4","","0.0","","","M","","M","0.0","","","","","","<31",""
"2012-06-25","2012","06","25","","27.1","","9.9","","18.5","","0.0","","0.5","","","M","","M","0.0","","","","19","","37",""
"2012-06-26","2012","06","26","","29.4","","17.8","","23.6","","0.0","","5.6","","","M","","M","0.0","","","","17","","46",""
"2012-06-27","2012","06","27","","29.1","","18.4","","23.8","","0.0","","5.8","","","M","","M","0.0","","","","26","","44",""
"2012-06-28","2012","06","28","","28.1","","16.0","","22.1","","0.0","","4.1","","","M","","M","0.0","","","","28","","65",""
"2012-06-29","2012","06","29","","27.4","","12.7","","20.1","","0.0","","2.1","","","M","","M","0.0","","","","31","","33",""
"2012-06-30","2012","06","30","","29.1","","14.0","","21.6","","0.0","","3.6","","","M","","M","0.0","","","","","","<31",""
"2012-07-01","2012","07","01","","31.1","","16.2","","23.7","","0.0","","5.7","","","M","","M","0.0","","","","","","<31",""
"2012-07-02","2012","07","02","","31.6","","18.4","","25.0","","0.0","","7.0","","","M","","M","0.0","","","","16","","57",""
"2012-07-03","2012","07","03","","30.6","","15.7","","23.2","","0.0","","5.2","","","M","","M","0.0","","","","","","<31",""
"2012-07-04","2012","07","04","","28.7","","15.8","","22.3","","0.0","","4.3","","","M","","M","3.8","","","","12","","65",""
"2012-07-05","2012","07","05","","27.7","","15.1","","21.4","","0.0","","3.4","","","M","","M","0.0","","","","27","","37",""
"2012-07-06","2012","07","06","","27.4","","15.6","","21.5","","0.0","","3.5","","","M","","M","0.4","","","","24","","32",""
"2012-07-07","2012","07","07","","28.3","","12.1","","20.2","","0.0","","2.2","","","M","","M","0.0","","","","28","","37",""
"2012-07-08","2012","07","08","","28.5","","11.3","","19.9","","0.0","","1.9","","","M","","M","0.0","","","","","","<31",""
"2012-07-09","2012","07","09","","30.4","","13.3","","21.9","","0.0","","3.9","","","M","","M","0.0","","","","3","","37",""
"2012-07-10","2012","07","10","","31.3","","13.5","","22.4","","0.0","","4.4","","","M","","M","0.0","","","","16","","32",""
"2012-07-11","2012","07","11","","34.5","","20.3","","27.4","","0.0","","9.4","","","M","","M","0.0","","","","20","","44",""
"2012-07-12","2012","07","12","","27.8","","18.7","","23.3","","0.0","","5.3","","","M","","M","0.2","","","","33","","54",""
"2012-07-13","2012","07","13","","","","","","","","","","","","","","","","","","","","","","",""
"2012-07-14","2012","07","14","","28.9","","15.7","","22.3","","0.0","","4.3","","","M","","M","0.0","","","","1","","32",""
"2012-07-15","2012","07","15","","19.2","","11.7","","15.5","","2.5","","0.0","","","M","","M","6.9","","","","11","","43",""
"2012-07-16","2012","07","16","","22.4","","17.0","","19.7","","0.0","","1.7","","","M","","M","0.2","","","","7","","41",""
"2012-07-17","2012","07","17","","25.7","","15.0","","20.4","","0.0","","2.4","","","M","","M","0.0","","","","","","<31",""
"2012-07-18","2012","07","18","","28.2","","15.0","","21.6","","0.0","","3.6","","","M","","M","0.0","","","","","","<31",""
"2012-07-19","2012","07","19","","31.0","","19.4","","25.2","","0.0","","7.2","","","M","","M","2.4","","","","21","","50",""
"2012-07-20","2012","07","20","","28.1","","13.8","","21.0","","0.0","","3.0","","","M","","M","0.0","","","","32","","39",""
"2012-07-21","2012","07","21","","29.7","","11.3","","20.5","","0.0","","2.5","","","M","","M","0.0","","","","","","<31",""
"2012-07-22","2012","07","22","","32.4","","18.2","","25.3","","0.0","","7.3","","","M","","M","0.0","","","","28","","50",""
"2012-07-23","2012","07","23","","28.8","","15.4","","22.1","","0.0","","4.1","","","M","","M","0.0","","","","","","<31",""
"2012-07-24","2012","07","24","","30.2","","14.7","","22.5","","0.0","","4.5","","","M","","M","0.0","","","","15","","32",""
"2012-07-25","2012","07","25","","31.0","","16.3","","23.7","","0.0","","5.7","","","M","","M","0.0","","","","29","","44",""
"2012-07-26","2012","07","26","","24.0","","10.6","","17.3","","0.7","","0.0","","","M","","M","0.7","","","","1","","46",""
"2012-07-27","2012","07","27","","27.3","","7.9","","17.6","","0.4","","0.0","","","M","","M","0.0","","","","","","<31",""
"2012-07-28","2012","07","28","","31.7","","15.6","","23.7","","0.0","","5.7","","","M","","M","0.0","","","","20","","35",""
"2012-07-29","2012","07","29","","35.6","","17.5","","26.6","","0.0","","8.6","","","M","","M","8.8","","","","31","","91",""
"2012-07-30","2012","07","30","","28.4","","15.7","","22.1","","0.0","","4.1","","","M","","M","0.2","","","","","","<31",""
"2012-07-31","2012","07","31","","32.1","","17.9","","25.0","","0.0","","7.0","","","M","","M","0.0","","","","17","","41",""
"2012-08-01","2012","08","01","","28.1","","14.3","","21.2","","0.0","","3.2","","","M","","M","1.8","","","","30","","72",""
"2012-08-02","2012","08","02","","25.4","","12.0","","18.7","","0.0","","0.7","","","M","","M","0.4","","","","","","<31",""
"2012-08-03","2012","08","03","","26.6","","16.4","","21.5","","0.0","","3.5","","","M","","M","4.4","","","","25","","50",""
"2012-08-04","2012","08","04","","","","","","","","","","","","","","","","","","","","","","",""
"2012-08-05","2012","08","05","","28.6","","9.3","","19.0","","0.0","","1.0","","","M","","M","0.0","","","","21","","48",""
"2012-08-06","2012","08","06","","27.3","","11.8","","19.6","","0.0","","1.6","","","M","","M","0.0","","","","31","","48",""
"2012-08-07","2012","08","07","","25.9","","9.4","","17.7","","0.3","","0.0","","","M","","M","0.0","","","","","","<31",""
"2012-08-08","2012","08","08","","28.3","","9.8","","19.1","","0.0","","1.1","","","M","","M","0.0","","","","3","","56",""
"2012-08-09","2012","08","09","","25.1","","10.9","","18.0","","0.0","","0.0","","","M","","M","0.0","","","","12","","33",""
"2012-08-10","2012","08","10","","26.7","","12.0","","19.4","","0.0","","1.4","","","M","","M","0.0","","","","18","","39",""
"2012-08-11","2012","08","11","","27.9","","14.9","","21.4","","0.0","","3.4","","","M","","M","0.0","","","","21","","43",""
"2012-08-12","2012","08","12","","24.9","","9.8","","17.4","","0.6","","0.0","","","M","","M","3.2","","","","35","","37",""
"2012-08-13","2012","08","13","","24.3","","8.8","","16.6","","1.4","","0.0","","","M","","M","0.0","","","","33","","35",""
"2012-08-14","2012","08","14","","25.9","","8.8","","17.4","","0.6","","0.0","","","M","","M","0.0","","","","","","<31",""
"2012-08-15","2012","08","15","","20.8","","13.0","","16.9","","1.1","","0.0","","","M","","M","9.4","","","","31","","56",""
"2012-08-16","2012","08","16","","20.0","","7.9","","14.0","","4.0","","0.0","","","M","","M","0.0","","","","35","","56",""
"2012-08-17","2012","08","17","","25.8","","7.3","","16.6","","1.4","","0.0","","","M","","M","0.0","","","","","","<31",""
"2012-08-18","2012","08","18","","21.7","","7.2","","14.5","","3.5","","0.0","","","M","","M","0.0","","","","1","","35",""
"2012-08-19","2012","08","19","","23.8","","4.6","","14.2","","3.8","","0.0","","","M","","M","0.0","","","","","","<31",""
"2012-08-20","2012","08","20","","26.4","","5.7","","16.1","","1.9","","0.0","","","M","","M","0.0","","","","","","<31",""
"2012-08-21","2012","08","21","","29.1","","14.3","","21.7","","0.0","","3.7","","","M","","M","0.0","","","","19","","37",""
"2012-08-22","2012","08","22","","33.1","","13.0","","23.1","","0.0","","5.1","","","M","","M","0.0","","","","18","","37",""
"2012-08-23","2012","08","23","","32.0","","19.1","","25.6","","0.0","","7.6","","","M","","M","0.0","","","","9","","46",""
"2012-08-24","2012","08","24","","31.9","","13.5","","22.7","","0.0","","4.7","","","M","","M","0.6","","","","18","","43",""
"2012-08-25","2012","08","25","","","","","","","","","","","","","","","","","","","","","","",""
"2012-08-26","2012","08","26","","25.6","","11.9","","18.8","","0.0","","0.8","","","M","","M","0.0","","","","28","","50",""
"2012-08-27","2012","08","27","","25.1","","11.5","","18.3","","0.0","","0.3","","","M","","M","0.0","","","","","","<31",""
"2012-08-28","2012","08","28","","30.1","","12.7","","21.4","","0.0","","3.4","","","M","","M","0.0","","","","","","<31",""
"2012-08-29","2012","08","29","","35.1","","17.9","","26.5","","0.0","","8.5","","","M","","M","0.0","","","","18","","52",""
"2012-08-30","2012","08","30","","27.2","","13.3","","20.3","","0.0","","2.3","","","M","","M","0.0","","","","31","","52",""
"2012-08-31","2012","08","31","","31.5","","9.0","","20.3","","0.0","","2.3","","","M","","M","0.0","","","","21","","32",""
"2012-09-01","2012","09","01","","25.3","","13.1","","19.2","","0.0","","1.2","","","M","","M","0.0","","","","11","","52",""
"2012-09-02","2012","09","02","","27.5","","15.7","","21.6","","0.0","","3.6","","","M","","M","0.2","","","","16","","59",""
"2012-09-03","2012","09","03","","29.2","","8.3","","18.8","","0.0","","0.8","","","M","","M","0.0","","","","19","","44",""
"2012-09-04","2012","09","04","","27.3","","9.9","","18.6","","0.0","","0.6","","","M","","M","0.0","","","","34","","37",""
"2012-09-05","2012","09","05","","22.1","","9.5","","15.8","","2.2","","0.0","","","M","","M","0.0","","","","29","","43",""
"2012-09-06","2012","09","06","","18.7","","7.4","","13.1","","4.9","","0.0","","","M","","M","0.9","","","","33","","39",""
"2012-09-07","2012","09","07","","18.9","","8.8","","13.9","","4.1","","0.0","","","M","","M","0.2","","","","33","","32",""
"2012-09-08","2012","09","08","","19.2","","4.3","","11.8","","6.2","","0.0","","","M","","M","0.0","","","","31","","70",""
"2012-09-09","2012","09","09","","23.7","","0.1","","11.9","","6.1","","0.0","","","M","","M","0.0","","","","16","","43",""
"2012-09-10","2012","09","10","","29.1","","13.9","","21.5","","0.0","","3.5","","","M","","M","0.0","","","","18","","56",""
"2012-09-11","2012","09","11","","19.5","","11.9","","15.7","","2.3","","0.0","","","M","","M","0.0","","","","24","","33",""
"2012-09-12","2012","09","12","","19.7","","9.8","","14.8","","3.2","","0.0","","","M","","M","0.0","","","","27","","67",""
"2012-09-13","2012","09","13","","16.9","","1.8","","9.4","","8.6","","0.0","","","M","","M","0.0","","","","27","","39",""
"2012-09-14","2012","09","14","","21.6","","-1.1","","10.3","","7.7","","0.0","","","M","","M","0.0","","","","18","","32",""
"2012-09-15","2012","09","15","","28.3","","10.5","","19.4","","0.0","","1.4","","","M","","M","0.0","","","","18","","52",""
"2012-09-16","2012","09","16","","14.7","","0.9","","7.8","","10.2","","0.0","","","M","","M","0.0","","","","36","","37",""
"2012-09-17","2012","09","17","","12.6","","-2.2","","5.2","","12.8","","0.0","","","M","","M","0.0","","","","3","","32",""
"2012-09-18","2012","09","18","","17.5","","2.2","","9.9","","8.1","","0.0","","","M","","M","0.0","","","","18","","56",""
"2012-09-19","2012","09","19","","14.8","","6.6","","10.7","","7.3","","0.0","","","M","","M","0.8","","","","32","","70",""
"2012-09-20","2012","09","20","","17.2","","-0.1","","8.6","","9.4","","0.0","","","M","","M","0.0","","","","31","","56",""
"2012-09-21","2012","09","21","","13.7","","-1.3","","6.2","","11.8","","0.0","","","M","","M","0.9","","","","34","","76",""
"2012-09-22","2012","09","22","","12.6","","-5.1","","3.8","","14.2","","0.0","","","M","","M","0.0","","","","33","","41",""
"2012-09-23","2012","09","23","","17.0","","-7.1","","5.0","","13.0","","0.0","","","M","","M","0.0","","","","23","","33",""
"2012-09-24","2012","09","24","","14.8","","1.2","","8.0","","10.0","","0.0","","","M","","M","0.0","","","","2","","46",""
"2012-09-25","2012","09","25","","12.7","","-1.2","","5.8","","12.2","","0.0","","","M","","M","0.0","","","","","","<31",""
"2012-09-26","2012","09","26","","17.0","","-3.1","","7.0","","11.0","","0.0","","","M","","M","0.0","","","","","","<31",""
"2012-09-27","2012","09","27","","20.2","","2.4","","11.3","","6.7","","0.0","","","M","","M","0.0","","","","","","<31",""
"2012-09-28","2012","09","28","","24.8","","3.0","","13.9","","4.1","","0.0","","","M","","M","0.0","","","","","","<31",""
"2012-09-29","2012","09","29","","29.5","","7.1","","18.3","","0.0","","0.3","","","M","","M","0.0","","","","20","","43",""
"2012-09-30","2012","09","30","","24.0","","8.1","","16.1","","1.9","","0.0","","","M","","M","0.0","","","","34","","56",""
"2012-10-01","2012","10","01","","20.4","","3.6","","12.0","","6.0","","0.0","","","M","","M","0.0","","","","29","","37",""
"2012-10-02","2012","10","02","","22.7","","7.2","","15.0","","3.0","","0.0","","","M","","M","0.0","","","","20","","82",""
"2012-10-03","2012","10","03","","9.5","","2.1","","5.8","","12.2","","0.0","","","M","","M","0.0","","","","1","","52",""
"2012-10-04","2012","10","04","","3.9","","0.3","","2.1","","15.9","","0.0","","","M","","M","10.1","","","","33","","63",""
"2012-10-05","2012","10","05","","2.5","","-2.6","","-0.1","","18.1","","0.0","","","M","","M","0.2","","","","32","","59",""
"2012-10-06","2012","10","06","","7.6","","-5.2","","1.2","","16.8","","0.0","","","M","","M","0.2","","","","21","","39",""
"2012-10-07","2012","10","07","","10.7","","0.1","","5.4","","12.6","","0.0","","","M","","M","0.0","","","","","","<31",""
"2012-10-08","2012","10","08","","5.9","","0.2","","3.1","","14.9","","0.0","","","M","","M","11.1","","","","","","<31",""
"2012-10-09","2012","10","09","","4.8","","-1.0","","1.9","","16.1","","0.0","","","M","","M","4.3","","","","34","","44",""
"2012-10-10","2012","10","10","","6.7","","-3.3","","1.7","","16.3","","0.0","","","M","","M","0.3","","","","26","","32",""
"2012-10-11","2012","10","11","","6.7","","-5.1","","0.8","","17.2","","0.0","","","M","","M","0.0","","","","32","","46",""
"2012-10-12","2012","10","12","","7.6","","-3.7","","2.0","","16.0","","0.0","","","M","","M","0.0","","","","17","","61",""
"2012-10-13","2012","10","13","","12.4","","-2.6","","4.9","","13.1","","0.0","","","M","","M","0.0","","","","17","","37",""
"2012-10-14","2012","10","14","","10.9","","-2.8","","4.1","","13.9","","0.0","","","M","","M","0.0","","","","","","<31",""
"2012-10-15","2012","10","15","","13.0","","2.2","","7.6","","10.4","","0.0","","","M","","M","0.3","","","","16","","56",""
"2012-10-16","2012","10","16","","17.5","","-0.5","","8.5","","9.5","","0.0","","","M","","M","0.0","","","","","","<31",""
"2012-10-17","2012","10","17","","12.4","","9.3","","10.9","","7.1","","0.0","","","M","","M","15.2","","","","4","","37",""
"2012-10-18","2012","10","18","","9.5","","4.5","","7.0","","11.0","","0.0","","","M","","M","9.0","","","","3","","57",""
"2012-10-19","2012","10","19","","6.7","","4.1","","5.4","","12.6","","0.0","","","M","","M","0.0","","","","35","","39",""
"2012-10-20","2012","10","20","","8.4","","4.6","","6.5","","11.5","","0.0","","","M","","M","","M","","","","","<31",""
"2012-10-21","2012","10","21","","","M","","M","","M","","M","","M","","M","","M","0.2","","","","","","<31",""
"2012-10-22","2012","10","22","","7.6","","-5.2","","1.2","","16.8","","0.0","","","M","","M","0.0","","","","","","<31",""
"2012-10-23","2012","10","23","","7.7","","4.4","","6.1","","11.9","","0.0","","","M","","M","13.0","","","","11","","44",""
"2012-10-24","2012","10","24","","6.8","","-1.0","","2.9","","15.1","","0.0","","","M","","M","0.0","","","","27","","35",""
"2012-10-25","2012","10","25","","5.6","","-1.7","","2.0","","16.0","","0.0","","","M","","M","1.0","","","","29","","46",""
"2012-10-26","2012","10","26","","0.3","","-3.4","","-1.6","","19.6","","0.0","","","M","","M","0.4","","1","","29","","48",""
"2012-10-27","2012","10","27","","-1.8","","-7.4","","-4.6","","22.6","","0.0","","","M","","M","0.0","","","","","","<31",""
"2012-10-28","2012","10","28","","0.3","","-6.1","","-2.9","","20.9","","0.0","","","M","","M","0.0","","","","18","","32",""
"2012-10-29","2012","10","29","","4.8","","-4.6","","0.1","","17.9","","0.0","","","M","","M","0.0","","","","10","","32",""
"2012-10-30","2012","10","30","","7.9","","0.7","","4.3","","13.7","","0.0","","","M","","M","0.0","","","","17","","39",""
"2012-10-31","2012","10","31","","5.1","","-0.8","","2.2","","15.8","","0.0","","","M","","M","0.2","","","","34","","44",""
"2012-11-01","2012","11","01","","-0.7","","-3.0","","-1.9","","19.9","","0.0","","","M","","M","0.0","","","","33","","41",""
"2012-11-02","2012","11","02","","-1.2","","-3.2","","-2.2","","20.2","","0.0","","","M","","M","0.0","","","","","","<31",""
"2012-11-03","2012","11","03","","2.2","","-2.7","","-0.3","","18.3","","0.0","","","M","","M","0.2","","","","","","<31",""
"2012-11-04","2012","11","04","","2.1","","-1.3","","0.4","","17.6","","0.0","","","M","","M","0.0","","","","","","<31",""
"2012-11-05","2012","11","05","","4.3","","-1.3","","1.5","","16.5","","0.0","","","M","","M","6.0","","","","17","","48",""
"2012-11-06","2012","11","06","","4.4","","0.7","","2.6","","15.4","","0.0","","","M","","M","0.0","","","","33","","44",""
"2012-11-07","2012","11","07","","4.1","","-2.4","","0.9","","17.1","","0.0","","","M","","M","0.9","","","","13","","37",""
"2012-11-08","2012","11","08","","4.7","","-3.1","","0.8","","17.2","","0.0","","","M","","M","0.0","","","","35","","52",""
"2012-11-09","2012","11","09","","-3.1","","-6.7","","-4.9","","22.9","","0.0","","","M","","M","0.0","","","","3","","44",""
"2012-11-10","2012","11","10","","-4.1","","-5.3","","-4.7","","22.7","","0.0","","0.0","","","M","10.1","","1","","1","","48",""
"2012-11-11","2012","11","11","","-4.5","","-7.9","","-6.2","","24.2","","0.0","","0.0","","","M","2.5","","12","","27","","39",""
"2012-11-12","2012","11","12","","-5.6","","-11.1","","-8.4","","26.4","","0.0","","","M","","M","0.2","","13","","32","","50",""
"2012-11-13","2012","11","13","","-6.4","","-15.5","","-11.0","","29.0","","0.0","","","M","","M","0.0","","11","","","","<31",""
"2012-11-14","2012","11","14","","-1.9","","-12.1","","-7.0","","25.0","","0.0","","","M","","M","0.0","","11","","19","","39",""
"2012-11-15","2012","11","15","","-3.0","","-13.1","","-8.1","","26.1","","0.0","","","M","","M","0.0","","11","","18","","43",""
"2012-11-16","2012","11","16","","0.1","","-8.0","","-4.0","","22.0","","0.0","","","M","","M","0.0","","10","","18","","57",""
"2012-11-17","2012","11","17","","-1.6","","-12.7","","-7.2","","25.2","","0.0","","","M","","M","0.0","","11","","18","","32",""
"2012-11-18","2012","11","18","","3.8","","-13.2","","-4.7","","22.7","","0.0","","","M","","M","0.0","","12","","","","<31",""
"2012-11-19","2012","11","19","","1.7","","-7.2","","-2.8","","20.8","","0.0","","","M","","M","0.0","","11","","","","<31",""
"2012-11-20","2012","11","20","","3.0","","-6.9","","-2.0","","20.0","","0.0","","","M","","M","0.0","","11","","18","","57",""
"2012-11-21","2012","11","21","","2.0","","-2.7","","-0.4","","18.4","","0.0","","","M","","M","0.0","","11","","","","<31",""
"2012-11-22","2012","11","22","","-0.3","","-10.7","","-5.5","","23.5","","0.0","","","M","","M","0.2","","11","","34","","57",""
"2012-11-23","2012","11","23","","-9.5","","-20.3","","-14.9","","32.9","","0.0","","","M","","M","0.2","","11","","34","","46",""
"2012-11-24","2012","11","24","","-6.2","","-20.0","","-13.1","","31.1","","0.0","","","M","","M","1.4","","11","","18","","50",""
"2012-11-25","2012","11","25","","-6.5","","-21.8","","-14.2","","32.2","","0.0","","","M","","M","0.6","","12","","34","","43",""
"2012-11-26","2012","11","26","","-8.9","","-25.5","","-17.2","","35.2","","0.0","","","M","","M","0.2","","11","","19","","37",""
"2012-11-27","2012","11","27","","-10.0","","-18.5","","-14.3","","32.3","","0.0","","","M","","M","0.2","","16","","","","<31",""
"2012-11-28","2012","11","28","","-7.3","","-20.8","","-14.1","","32.1","","0.0","","","M","","M","0.0","","15","","","","<31",""
"2012-11-29","2012","11","29","","","M","-17.8","E","","M","","M","","M","","M","","M","1.1","","15","","","","<31",""
"2012-11-30","2012","11","30","","-1.0","","-11.8","","-6.4","","24.4","","0.0","","","M","","M","0.2","","16","","18","","48",""
"2012-12-01","2012","12","01","","0.8","","-8.4","","-3.8","","21.8","","0.0","","","M","","M","1.7","","15","","16","","50",""
"2012-12-02","2012","12","02","","2.3","","-8.6","","-3.2","","21.2","","0.0","","","M","","M","0.0","","15","","17","","43",""
"2012-12-03","2012","12","03","","3.2","","-13.0","","-4.9","","22.9","","0.0","","","M","","M","1.6","","15","","29","","52",""
"2012-12-04","2012","12","04","","-11.9","","-17.6","","-14.8","","32.8","","0.0","","","M","","M","0.0","","14","","31","","50",""
"2012-12-05","2012","12","05","","0.0","","-15.7","","-7.9","","25.9","","0.0","","","M","","M","0.0","","14","","18","","76",""
"2012-12-06","2012","12","06","","1.6","","-10.6","","-4.5","","22.5","","0.0","","","M","","M","0.0","","14","","31","","57",""
"2012-12-07","2012","12","07","","-9.3","","-22.6","","-16.0","","34.0","","0.0","","","M","","M","0.2","","14","","","","<31",""
"2012-12-08","2012","12","08","","-14.3","","-24.1","","-19.2","","37.2","","0.0","","","M","","M","1.5","","14","","2","","33",""
"2012-12-09","2012","12","09","","-19.7","","-26.7","","-23.2","","41.2","","0.0","","","M","","M","0.2","","14","","","","<31",""
"2012-12-10","2012","12","10","","-11.4","","-24.9","","-18.2","","36.2","","0.0","","","M","","M","0.0","","14","","18","","54",""
"2012-12-11","2012","12","11","","-13.8","","-27.3","","-20.6","","38.6","","0.0","","","M","","M","0.2","","14","","32","","39",""
"2012-12-12","2012","12","12","","-15.7","","-21.9","","-18.8","","36.8","","0.0","","0.0","","","M","2.3","","14","","8","","32",""
"2012-12-13","2012","12","13","","-11.7","","-18.1","","-14.9","","32.9","","0.0","","0.0","","","M","0.9","","19","","","","<31",""
"2012-12-14","2012","12","14","","-4.6","","-11.7","","-8.2","","26.2","","0.0","","","M","","M","0.0","","21","","18","","44",""
"2012-12-15","2012","12","15","","-6.3","","-11.7","","-9.0","","27.0","","0.0","","","M","","M","0.0","","18","","","","<31",""
"2012-12-16","2012","12","16","","-5.6","","-9.9","","-7.8","","25.8","","0.0","","","M","","M","0.0","","18","","","","<31",""
"2012-12-17","2012","12","17","","-9.9","","-11.3","","-10.6","","28.6","","0.0","","","M","","M","0.6","","18","","","","<31",""
"2012-12-18","2012","12","18","","-8.7","","-13.3","","-11.0","","29.0","","0.0","","","M","","M","0.4","","22","","","","<31",""
"2012-12-19","2012","12","19","","-9.6","","-18.2","","-13.9","","31.9","","0.0","","","M","","M","0.5","","20","","","","<31",""
"2012-12-20","2012","12","20","","-11.1","","-15.8","","-13.5","","31.5","","0.0","","","M","","M","0.0","","18","","","","<31",""
"2012-12-21","2012","12","21","","-12.5","","-15.7","","-14.1","","32.1","","0.0","","","M","","M","0.2","","19","","18","","37",""
"2012-12-22","2012","12","22","","-12.1","","-25.2","","-18.7","","36.7","","0.0","","","M","","M","0.2","","18","","34","","41",""
"2012-12-23","2012","12","23","","-18.6","","-25.1","","-21.9","","39.9","","0.0","","","M","","M","0.0","","17","","","","<31",""
"2012-12-24","2012","12","24","","-22.9","","-28.8","","-25.9","","43.9","","0.0","","","M","","M","0.2","","18","","","","<31",""
"2012-12-25","2012","12","25","","-20.6","","-26.2","","-23.4","","41.4","","0.0","","","M","","M","0.0","","18","","","","<31",""
"2012-12-26","2012","12","26","","-19.0","","-25.8","","-22.4","","40.4","","0.0","","","M","","M","0.0","","18","","","","<31",""
"2012-12-27","2012","12","27","","-11.2","","-22.9","","-17.1","","35.1","","0.0","","","M","","M","0.0","","18","","","","<31",""
"2012-12-28","2012","12","28","","-10.9","","-12.6","","-11.8","","29.8","","0.0","","","M","","M","0.4","","19","","","","<31",""
"2012-12-29","2012","12","29","","-12.0","","-20.0","","-16.0","","34.0","","0.0","","","M","","M","0.0","","19","","","","<31",""
"2012-12-30","2012","12","30","","-9.6","","-24.0","","-16.8","","34.8","","0.0","","","M","","M","0.0","","19","","32","","46",""
"2012-12-31","2012","12","31","","-19.3","","-27.7","","-23.5","","41.5","","0.0","","","M","","M","0.2","","18","","","","<31",""
